12123414,e555e638-880b-3239-91a9-ce5d396315f6
___hacker____,2839d0c2-2309-33f4-ba3b-d69e12767db7
_jurik_,5ead3c90-b416-3172-84f9-54f1214a1ab3
_mrcreativchik_,5fec6eaa-eb75-377c-a991-6641e90fa4d9
admintest,f7f3a996-46d7-336a-b257-e45b1f7a329d
amalka5900,f2988006-250d-39e6-9caa-17f0c8ddde65
animepro,fcf32dea-69df-34a7-8595-62f73f2630c0
asdwa,e133b281-913a-39fd-bb53-d5d46eb001fc
balder23422,4e3fb199-67f5-3adb-98c1-a494f289ba18
beagger,96fc7633-0897-32ee-ae3a-8519b0966476
buker,ba3cbb27-e6cc-3a44-9cdc-63c29c9b3b44
chop,f80356fb-4da8-3535-a149-182e551dbbe4
claytonlegend,c26ae434-90e5-38c4-b099-7f112f213cc0
creeper7777732,da3da7ab-5003-3259-8b3e-bde2c4f924ae
danektv,25ba8bd1-ae80-32bc-936e-f5243b7aed7c
danik221,29dc04dd-a93f-3685-8502-bbbd78e9617a
danilka1500,c7e65e71-9e8c-3ab8-b876-6f6d5cbd9dc3
dantezzz_yt_rus,a7131a03-2c26-3781-9334-d65b4ad63b6f
dark,1d4c9235-7902-3b3b-8fb5-6cac083957f7
davidgameplay,3b09f5f5-33ea-3e77-bed6-bae19fde0733
demon666,a6856c08-fecf-30ba-b541-6782e643be4a
denis_228,f9968a63-6531-35a0-a694-67f0d484974c
dimans,025e81e4-d9a6-38b5-b411-b5b9d2f70c29
dimansterus,08f5c4ec-0c59-32b4-b1d2-6b8bd9632abd
donate,1f6fcd4c-fa9a-35ff-9136-1325e9a517cf
eair,d62a127a-528b-348e-b89d-7aa1b8c78da7
esas2288,c3f2a210-162c-30cd-999a-39368f04c3c9
fhavyre,85136f24-357f-3898-ae13-0043e8d7a7be
fhnf,47725ded-f7c7-3f1e-994e-41458d299a41
flashyman0,85de94e3-b7bc-3326-a0d9-3adf00146f56
flower1337,bdab7c04-7456-3738-8dd1-608b5407577d
genrik2000,e2ef05c0-d10d-3e14-a3ee-9e20e5e314c5
godfol,b15b9934-8f9e-3d15-8483-48ff0dba8cb8
golder,d728249a-f738-3ac2-9149-6b29d8bb58f3
greyg2000,d850f20a-a819-3ee8-896d-f22d61505133
imalo,55625c81-345a-3897-aca4-5f736b26199a
jack,6e5be07a-80a3-3c5b-ad27-c6bad90af249
jafter156423,06a2642a-4a11-3eb2-8902-6bdb219e5dbf
kiril089,759e0cad-9f2a-3eb2-a305-765088612f78
kiril2548,810169e4-4c5f-36cb-b061-ba55da92df3f
krafter,4a05fb7b-5a10-3688-9eab-9ab99a7e98d3
laggerden,c8126163-ecc8-32e4-b9a1-8afee7600345
lemixyt,a35abe1d-59fb-3d5d-a6ca-e67a4873ba7d
lolololog,9f1f4ec2-ec1b-3f4b-9056-d521509b9204
maervel_yt12,10b4c0bd-e328-3ae3-b14f-c2ab0290038d
magister835,fbeb94d1-ee1e-3a2f-9008-63fc7d72acc4
maks13,55d52c52-9f9a-3f66-8f39-a00c6549439e
marssng,39696103-3c8e-3605-8118-7266996437d0
mchead_ru,fba044f2-2e9b-3009-a26b-3ef4b0b84614
md_5,c70f922a-984d-37b1-94a2-58bf198a55e5
miley,f2071488-e327-316f-a2b7-83104980db78
modik_pro,ff3adfca-c404-308a-8d09-2796b18de0ff
mr_fm,dcad54a4-aa60-3fd7-8d12-1ef154d740f4
mr_jobs,85fc22b1-2140-36d1-a854-909ca8e1202a
mrlauncher_22432,fbe07aba-82cd-3062-af54-51b53c5d59b0
mryellow25,4f8df4e4-57c3-355b-9da5-6903407b9da0
nikitospro00007,dfc6cdd4-3a59-377d-9567-2825d01f1f20
notch,b50ad385-829d-3141-a216-7e7d7539ba7f
ntoxicated1990,2575f42c-20e4-3cb3-8bfb-a259cce146aa
pahsa28,6dc091eb-b1cd-3ee3-b256-ea414b3c469e
petililuna,7616deb8-b3e8-350a-ba84-9815e277f584
pink_blue_cat,f25cebff-220f-3c4b-a2bb-20f3ccda3150
quz_im_pro,6e1ff0d9-be48-3a71-aeb5-3c16d9c45cee
rad_cermander,b990b9e3-e501-3f96-9fb4-f69880ff67a4
rad_dragon,9eb4600f-c4b8-300d-8d33-3cc3dcc54665
saha11,9a5f1e0a-cac1-3177-9e4c-1cd9c1205334
sampik1234,684b01d1-09d7-3713-a2a3-e07b25a8e654
sasdasd,43b4016b-51c4-3e7a-a7db-10d1ce92bb4f
sasdasdaa,f774076b-e8b1-36dd-b6ad-da3129ec5029
sasdasdaabvb,66a8f694-3cb9-3737-a51e-c363939e78d2
sasdasdaabvbgg,7e0f2258-5f69-306b-9b6a-1cf94d61c2cf
sin_,781b06dd-92ab-3cbe-bae9-edff4b4c620b
sk89q,be75b756-f30f-3f49-87b0-01f7bcb29709
skipper,2a61b532-c749-3bfe-9fc4-d94001a921ba
sniper10,6470d3b2-03c0-35b2-abde-87b1af589485
snowblock,9c122617-643c-3621-b843-be1340233bab
stepan32234,c04ac792-f1cc-32de-8d2b-bef36001f367
suicideboy,41b9994e-f922-35d5-890c-a7bb6596f967
teroserplay,75e04eea-1ae5-3ed2-8882-2b6793d5e702
the_gamer_anton,2be3f2c9-0689-324d-8a9e-daa3bf51ec08
thesheeps,eb114ada-c4a2-3572-a77e-70470e8de5e1
thyoity,7cd2d95d-694f-322f-a528-1271a7c49deb
tulaoloko,a26be34c-1249-3f3d-8668-a65442af4918
vaag,cd54ff0d-4612-3022-b9c6-1073f988566d
vlad_filatov,743f34a4-9ddd-3d22-810e-b33db1bafcc8
volk0909,b485deab-0f09-3c3b-ad3a-0d651755b685
vovaxxx,88d60e38-bf52-3b03-be04-5ae2fd389f21
yans,0f70a275-1cd9-3692-ac9e-af909cd4ba73
zlane,dc944dc7-8cc1-33c8-8ee0-6bde265c3408
zord,9104dec6-73bd-3b9e-9f1b-d1cc688eeaad
zpedroms,1a7f6715-1bcc-3882-b6dc-70e3326058ef
